transaction_id,customer_id,product_id,date,quantity,price,total_sales
1,1758,S484,2023-10-15,2,6602970,13205940
2,1898,S242,2023-05-08,3,13191922,39575766
3,1242,S324,2023-04-06,1,13274125,13274125
4,1542,S731,2023-04-02,3,6531064,19593192
5,1039,S192,2023-05-21,1,9411887,9411887
6,1228,S017,2023-01-31,2,13615797,27231594
7,1547,S524,2023-11-30,2,7076198,14152396
8,1919,S918,2023-01-20,1,12466511,12466511
9,1222,S401,2023-05-26,2,6468919,12937838
10,1005,S906,2023-11-12,1,8281941,8281941
11,1321,S886,2023-06-09,1,8410580,8410580
12,1467,S705,2023-12-15,2,9999111,19998222
13,1731,S022,2023-02-12,4,8685104,34740416
14,1074,S474,2023-09-11,1,12659791,12659791
15,1003,S120,2023-05-10,3,6420858,19262574
16,1846,S210,2023-03-01,3,6748982,20246946
17,1645,S306,2023-05-31,2,11563614,23127228
18,1117,S270,2023-10-14,4,14833673,59334692
19,1880,S704,2023-01-05,2,9896799,19793598
20,1605,S687,2023-09-23,4,13466685,53866740
21,1503,S285,2023-12-11,1,12479816,12479816
22,1997,S716,2023-05-10,1,11007509,11007509
23,1946,S676,2023-09-24,1,9445818,9445818
24,1573,S763,2023-06-27,1,10122964,10122964
25,1440,S227,2023-09-10,3,11433636,34300908
26,1193,S948,2023-02-25,3,9095077,27285231
27,1846,S381,2023-03-24,2,14172800,28345600
28,1714,S460,2023-04-09,4,11263998,45055992
29,1391,S007,2023-05-29,1,9630232,9630232
30,1025,S029,2023-11-25,1,5920114,5920114
31,1434,S907,2023-06-05,4,13990499,55961996
32,1172,S033,2023-07-09,4,13147047,52588188
33,1299,S646,2023-09-20,2,7182926,14365852
34,1644,S879,2023-03-21,4,7485670,29942680
35,1325,S079,2023-09-09,1,8344250,8344250
36,1409,S928,2023-04-07,1,9023278,9023278
37,1117,S947,2023-09-17,1,5537977,5537977
38,1835,S459,2023-09-17,1,14946749,14946749
39,1786,S570,2023-04-13,1,8668280,8668280
40,1723,S983,2023-02-09,2,7723408,15446816
41,1224,S538,2023-09-30,1,9784808,9784808
42,1531,S482,2023-04-11,2,11637640,23275280
43,1112,S430,2023-12-25,1,11837388,11837388
44,1139,S738,2023-11-04,3,9654419,28963257
45,1558,S285,2023-08-09,3,13430899,40292697
46,1000,S516,2023-11-04,3,9622580,28867740
47,1089,S977,2023-05-04,3,9589058,28767174
48,1653,S099,2023-08-19,2,12245136,24490272
49,1319,S397,2023-06-27,2,13379966,26759932
50,1549,S489,2023-03-04,4,7122827,28491308
51,1804,S039,2023-04-26,1,12432300,12432300
52,1893,S271,2023-07-10,3,12637174,37911522
53,1138,S887,2023-03-03,2,5708672,11417344
54,1510,S797,2023-09-13,1,11921154,11921154
55,1867,S157,2023-01-07,1,13725977,13725977
56,1844,S075,2023-06-04,2,9507167,19014334
57,1258,S884,2023-04-02,3,7227039,21681117
58,1672,S800,2023-01-14,4,5296063,21184252
59,1901,S130,2023-08-17,1,6383875,6383875
60,1689,S687,2023-03-27,4,11625169,46500676
61,1009,S974,2023-05-13,3,6876336,20629008
62,1260,S084,2023-07-02,3,12541586,37624758
63,1918,S022,2023-03-03,4,8956778,35827112
64,1649,S459,2023-08-07,3,7887757,23663271
65,1171,S539,2023-09-03,1,7468665,7468665
66,1897,S707,2023-08-18,4,11472973,45891892
67,1012,S849,2023-03-20,3,5692924,17078772
68,1167,S382,2023-05-29,4,7570115,30280460
69,1641,S748,2023-05-18,1,6661655,6661655
70,1595,S440,2023-11-10,3,12499066,37497198
71,1320,S604,2023-03-06,1,9672412,9672412
72,1318,S989,2023-01-13,3,8100498,24301494
73,1612,S021,2023-08-01,2,14412528,28825056
74,1328,S303,2023-08-30,3,12181479,36544437
75,1784,S976,2023-08-01,4,8811666,35246664
76,1776,S869,2023-06-30,3,8819712,26459136
77,1970,S955,2023-12-04,1,6033668,6033668
78,1910,S084,2023-06-22,1,12712079,12712079
79,1919,S774,2023-06-09,3,10604327,31812981
80,1549,S659,2023-06-13,4,7473199,29892796
81,1418,S953,2023-07-07,2,13271330,26542660
82,1605,S453,2023-07-10,4,13686283,54745132
83,1094,S387,2023-11-04,2,5708175,11416350
84,1816,S507,2023-09-13,1,6867306,6867306
85,1580,S257,2023-07-02,4,13652233,54608932
86,1317,S570,2023-04-27,2,5842840,11685680
87,1955,S892,2023-10-09,3,9394643,28183929
88,1235,S934,2023-07-15,1,10889118,10889118
89,1945,S527,2023-02-03,3,10128643,30385929
90,1333,S162,2023-02-21,1,5125355,5125355
91,1884,S957,2023-04-22,4,9222102,36888408
92,1375,S163,2023-09-09,4,5615937,22463748
93,1458,S832,2023-03-23,1,6375607,6375607
94,1136,S793,2023-08-20,1,5019477,5019477
95,1929,S792,2023-08-15,1,8556210,8556210
96,1587,S524,2023-08-21,4,11508856,46035424
97,1994,S786,2023-08-09,2,7487111,14974222
98,1546,S271,2023-02-11,3,7009606,21028818
99,1512,S492,2023-01-21,3,6559757,19679271
100,1295,S208,2023-02-11,4,12315830,49263320
101,1319,S539,2023-04-23,3,11156738,33470214
102,1917,S584,2023-04-15,1,8432207,8432207
103,1571,S060,2023-07-11,2,11171638,22343276
104,1831,S430,2023-01-17,3,6881297,20643891
105,1348,S985,2023-04-30,2,11083059,22166118
106,1839,S657,2023-05-09,1,14212367,14212367
107,1778,S605,2023-05-10,3,9529275,28587825
108,1872,S309,2023-03-01,4,13519792,54079168
109,1228,S520,2023-02-17,2,6135627,12271254
110,1269,S591,2023-01-29,1,5245300,5245300
111,1827,S027,2023-04-07,2,13972618,27945236
112,1797,S686,2023-01-10,3,5092036,15276108
113,1290,S562,2023-08-30,3,10995802,32987406
114,1724,S199,2023-11-10,4,11439051,45756204
115,1164,S387,2023-08-20,1,5853392,5853392
116,1004,S349,2023-10-04,1,11015877,11015877
117,1850,S960,2023-10-11,4,13670304,54681216
118,1378,S940,2023-07-22,4,8662340,34649360
119,1077,S693,2023-09-04,1,14579064,14579064
120,1409,S536,2023-10-17,2,14378637,28757274
121,1573,S828,2023-09-21,2,5154692,10309384
122,1131,S378,2023-08-02,4,13362101,53448404
123,1600,S899,2023-07-19,2,9457335,18914670
124,1748,S916,2023-03-20,1,6657888,6657888
125,1041,S558,2023-12-09,3,7585917,22757751
126,1088,S527,2023-12-10,3,13110129,39330387
127,1401,S153,2023-06-22,2,11147560,22295120
128,1295,S734,2023-03-10,4,12946258,51785032
129,1839,S206,2023-03-28,4,12557845,50231380
130,1294,S455,2023-04-11,4,6824964,27299856
131,1615,S273,2023-01-08,4,12724922,50899688
132,1525,S894,2023-11-29,4,13152513,52610052
133,1799,S236,2023-07-19,2,14777117,29554234
134,1690,S852,2023-03-28,3,11789408,35368224
135,1636,S740,2023-02-12,3,9764812,29294436
136,1421,S521,2023-04-19,2,6568146,13136292
137,1864,S678,2023-06-01,4,5483455,21933820
138,1022,S944,2023-01-17,2,9036405,18072810
139,1574,S956,2023-05-13,3,13935827,41807481
140,1142,S831,2023-05-28,1,7186268,7186268
141,1992,S726,2023-10-04,2,9445975,18891950
142,1664,S501,2023-08-20,4,7871656,31486624
143,1144,S117,2023-11-10,3,9708569,29125707
144,1224,S386,2023-08-16,3,8855933,26567799
145,1502,S344,2023-05-19,3,7326729,21980187
146,1961,S584,2023-07-30,3,11695233,35085699
147,1973,S395,2023-01-28,4,13274437,53097748
148,1820,S064,2023-02-20,1,8907129,8907129
149,1615,S717,2023-09-18,3,5095556,15286668
150,1103,S721,2023-09-18,2,10399869,20799738
151,1946,S072,2023-12-16,1,8469992,8469992
152,1038,S789,2023-12-18,3,14944145,44832435
153,1946,S274,2023-01-08,1,11139353,11139353
154,1197,S990,2023-11-16,2,5652755,11305510
155,1645,S320,2023-05-18,3,8666344,25999032
156,1578,S338,2023-02-07,2,10650352,21300704
157,1390,S366,2023-04-21,4,5743088,22972352
158,1178,S495,2023-08-08,3,5059778,15179334
159,1967,S607,2023-12-03,3,14483017,43449051
160,1553,S166,2023-08-11,3,10003361,30010083
161,1447,S544,2023-05-16,3,13075042,39225126
162,1499,S011,2023-09-13,4,12706113,50824452
163,1014,S301,2023-12-26,3,14901691,44705073
164,1622,S729,2023-11-25,1,7173513,7173513
165,1668,S801,2023-02-18,3,14787557,44362671
166,1288,S102,2023-10-19,4,13910762,55643048
167,1477,S425,2023-11-20,3,11913462,35740386
168,1230,S392,2023-03-19,1,6011930,6011930
169,1922,S779,2023-04-15,4,10862044,43448176
170,1419,S214,2023-06-18,4,14468133,57872532
171,1156,S691,2023-08-05,1,13280083,13280083
172,1549,S088,2023-04-29,1,6785818,6785818
173,1440,S553,2023-07-09,1,7951720,7951720
174,1096,S401,2023-09-12,1,14548725,14548725
175,1996,S588,2023-09-23,1,7082963,7082963
176,1410,S889,2023-05-29,4,10962859,43851436
177,1950,S046,2023-06-13,4,9256146,37024584
178,1288,S672,2023-05-20,3,14670114,44010342
179,1253,S463,2023-12-13,3,5289134,15867402
180,1195,S592,2023-09-15,2,12632285,25264570
181,1597,S310,2023-09-26,3,9324660,27973980
182,1833,S086,2023-06-30,3,7866069,23598207
183,1521,S092,2023-06-09,1,5737090,5737090
184,1516,S660,2023-12-17,1,14303173,14303173
185,1634,S673,2023-10-15,3,8835598,26506794
186,1841,S714,2023-10-15,2,9982042,19964084
187,1864,S936,2023-08-14,1,6052425,6052425
188,1117,S928,2023-01-11,3,11303816,33911448
189,1805,S242,2023-01-10,3,5777567,17332701
190,1908,S865,2023-09-28,4,7716207,30864828
191,1158,S002,2023-09-30,2,11552901,23105802
192,1814,S225,2023-07-02,4,6749736,26998944
193,1227,S801,2023-06-02,2,14958842,29917684
194,1876,S745,2023-11-11,1,11721635,11721635
195,1215,S973,2023-11-30,2,5051707,10103414
196,1947,S926,2023-05-04,3,13669441,41008323
197,1695,S929,2023-04-24,3,14477571,43432713
198,1014,S589,2023-10-05,2,11104128,22208256
199,1156,S116,2023-08-01,2,6877145,13754290
200,1647,S666,2023-06-21,2,14223482,28446964
201,1260,S918,2023-10-15,4,14278101,57112404
202,1156,S103,2023-06-23,2,11687666,23375332
203,1046,S194,2023-04-23,1,5778799,5778799
204,1323,S166,2023-05-02,4,12079701,48318804
205,1843,S871,2023-02-01,4,5879459,23517836
206,1684,S090,2023-08-10,2,13249953,26499906
207,1129,S686,2023-04-29,1,6822744,6822744
208,1410,S122,2023-02-08,4,13167707,52670828
209,1094,S143,2023-09-25,3,8843139,26529417
210,1626,S994,2023-08-21,4,9447395,37789580
211,1754,S106,2023-01-18,2,14240658,28481316
212,1931,S887,2023-05-29,1,7361216,7361216
213,1291,S428,2023-05-29,2,12446153,24892306
214,1793,S305,2023-05-06,3,7567587,22702761
215,1810,S872,2023-10-29,3,5264237,15792711
216,1282,S971,2023-12-26,3,9469353,28408059
217,1068,S317,2023-08-26,2,9840351,19680702
218,1659,S963,2023-05-15,4,7514719,30058876
219,1010,S635,2023-05-31,2,6908911,13817822
220,1253,S902,2023-08-24,1,9002981,9002981
221,1841,S009,2023-08-12,4,6419920,25679680
222,1871,S774,2023-07-22,3,13360777,40082331
223,1549,S073,2023-09-13,2,7179441,14358882
224,1133,S359,2023-03-27,3,7737946,23213838
225,1711,S223,2023-05-30,3,14838074,44514222
226,1022,S416,2023-08-23,1,14749844,14749844
227,1814,S553,2023-12-11,4,7088062,28352248
228,1345,S370,2023-01-22,1,6834907,6834907
229,1301,S716,2023-12-14,1,13352110,13352110
230,1362,S264,2023-10-12,1,8861774,8861774
231,1395,S840,2023-09-26,3,8633795,25901385
232,1217,S690,2023-09-15,1,8477084,8477084
233,1140,S860,2023-01-29,1,9327802,9327802
234,1615,S318,2023-08-01,4,8399752,33599008
235,1957,S084,2023-10-10,4,8800986,35203944
236,1209,S318,2023-02-19,1,10332889,10332889
237,1984,S111,2023-04-05,4,5723858,22895432
238,1992,S251,2023-03-29,4,5044816,20179264
239,1622,S383,2023-02-13,1,5004138,5004138
240,1615,S007,2023-10-05,3,9163960,27491880
241,1827,S459,2023-06-20,1,12081905,12081905
242,1682,S084,2023-07-08,4,8864044,35456176
243,1459,S208,2023-12-19,3,11647463,34942389
244,1355,S900,2023-07-03,2,12088166,24176332
245,1323,S390,2023-01-03,3,5221552,15664656
246,1132,S314,2023-07-10,4,13432372,53729488
247,1887,S022,2023-04-28,3,6897951,20693853
248,1804,S410,2023-01-19,1,10862835,10862835
249,1839,S895,2023-01-23,2,13705070,27410140
250,1126,S515,2023-01-30,2,14278463,28556926
251,1105,S127,2023-10-22,2,14803326,29606652
252,1603,S809,2023-04-18,4,7157280,28629120
253,1798,S700,2023-10-08,4,5808301,23233204
254,1377,S874,2023-05-08,2,10476420,20952840
255,1904,S014,2023-08-17,3,11296495,33889485
256,1050,S971,2023-04-21,2,9346657,18693314
257,1028,S978,2023-05-16,3,5112935,15338805
258,1461,S012,2023-12-28,3,13200252,39600756
259,1295,S087,2023-07-05,4,14726914,58907656
260,1296,S524,2023-05-24,3,7150205,21450615
261,1725,S909,2023-03-13,2,10424441,20848882
262,1778,S537,2023-05-09,4,9280650,37122600
263,1406,S301,2023-12-30,1,9523535,9523535
264,1768,S243,2023-09-18,1,9752989,9752989
265,1813,S122,2023-01-03,4,14757999,59031996
266,1612,S147,2023-04-14,2,9310518,18621036
267,1404,S567,2023-08-12,1,14241937,14241937
268,1345,S750,2023-11-16,1,6730085,6730085
269,1621,S356,2023-12-28,3,7026110,21078330
270,1419,S685,2023-12-20,3,10641379,31924137
271,1181,S904,2023-01-10,2,13825150,27650300
272,1982,S733,2023-10-29,4,10519948,42079792
273,1824,S631,2023-08-19,2,11928887,23857774
274,1000,S309,2023-08-07,4,9566701,38266804
275,1830,S695,2023-03-07,1,13127333,13127333
276,1949,S288,2023-04-22,3,7980672,23942016
277,1566,S307,2023-01-13,2,13236781,26473562
278,1370,S812,2023-03-27,2,13815282,27630564
279,1935,S594,2023-08-22,4,10202413,40809652
280,1910,S966,2023-03-31,4,5082409,20329636
281,1660,S914,2023-11-10,2,12363280,24726560
282,1430,S723,2023-02-23,4,11766886,47067544
283,1968,S662,2023-01-12,2,13212411,26424822
284,1308,S549,2023-07-28,2,10417755,20835510
285,1136,S352,2023-01-14,2,10131104,20262208
286,1201,S312,2023-05-01,1,8499701,8499701
287,1435,S873,2023-01-20,4,6927716,27710864
288,1312,S059,2023-03-16,3,14581111,43743333
289,1116,S643,2023-08-31,3,14522362,43567086
290,1665,S924,2023-08-11,4,10241684,40966736
291,1936,S714,2023-03-11,2,10081857,20163714
292,1802,S755,2023-11-08,3,10759420,32278260
293,1574,S035,2023-07-30,3,14834858,44504574
294,1243,S445,2023-04-11,4,10306490,41225960
295,1536,S093,2023-07-05,3,11922981,35768943
296,1601,S950,2023-05-12,2,12817209,25634418
297,1074,S959,2023-04-21,4,9893091,39572364
298,1805,S207,2023-05-12,2,8800315,17600630
299,1385,S353,2023-01-20,3,11469723,34409169
300,1902,S903,2023-01-24,3,11102545,33307635
301,1209,S332,2023-08-15,2,7252641,14505282
302,1474,S817,2023-06-03,1,5344126,5344126
303,1417,S862,2023-10-20,3,10107385,30322155
304,1346,S725,2023-08-18,1,13074444,13074444
305,1528,S159,2023-11-06,3,6137411,18412233
306,1639,S954,2023-12-25,1,6670357,6670357
307,1938,S957,2023-07-21,1,10939334,10939334
308,1954,S024,2023-02-07,1,11393404,11393404
309,1875,S404,2023-09-17,2,8330922,16661844
310,1762,S805,2023-07-07,1,9155479,9155479
311,1178,S516,2023-02-26,1,10709635,10709635
312,1181,S732,2023-01-20,1,13686594,13686594
313,1663,S364,2023-09-30,3,14242213,42726639
314,1024,S382,2023-04-29,1,6315823,6315823
315,1966,S532,2023-03-12,3,8433372,25300116
316,1179,S956,2023-01-04,1,5770692,5770692
317,1709,S152,2023-08-09,1,10867504,10867504
318,1500,S562,2023-01-14,2,13817353,27634706
319,1855,S689,2023-01-03,3,9832091,29496273
320,1160,S947,2023-08-04,1,5673812,5673812
321,1176,S608,2023-08-17,3,7932977,23798931
322,1284,S617,2023-12-02,3,12797698,38393094
323,1062,S420,2023-07-05,4,11982252,47929008
324,1661,S250,2023-02-24,2,14746734,29493468
325,1665,S117,2023-09-11,2,11616659,23233318
326,1155,S866,2023-01-24,2,8817042,17634084
327,1881,S512,2023-06-11,4,9539170,38156680
328,1468,S740,2023-06-07,4,9969411,39877644
329,1048,S578,2023-03-23,2,5536644,11073288
330,1966,S335,2023-06-08,4,5652416,22609664
331,1848,S418,2023-07-07,4,10210307,40841228
332,1083,S932,2023-03-01,4,13161562,52646248
333,1360,S774,2023-11-01,2,6707542,13415084
334,1688,S295,2023-11-15,2,9191896,18383792
335,1147,S938,2023-07-30,2,11086932,22173864
336,1629,S755,2023-06-01,4,6474620,25898480
337,1341,S371,2023-04-19,2,14563454,29126908
338,1475,S186,2023-03-17,4,6849395,27397580
339,1062,S246,2023-01-30,1,11623063,11623063
340,1700,S637,2023-11-10,4,5989336,23957344
341,1359,S268,2023-04-27,3,10224237,30672711
342,1560,S643,2023-12-22,2,8138102,16276204
343,1326,S237,2023-07-11,2,10160324,20320648
344,1768,S530,2023-01-19,3,12421289,37263867
345,1735,S552,2023-06-22,4,13450361,53801444
346,1140,S021,2023-08-16,1,10647183,10647183
347,1989,S911,2023-12-16,3,10666912,32000736
348,1214,S737,2023-07-02,3,14460592,43381776
349,1434,S867,2023-04-23,4,9318420,37273680
350,1890,S794,2023-07-02,2,10217084,20434168
351,1951,S520,2023-05-26,4,14044104,56176416
352,1722,S100,2023-11-15,3,8205228,24615684
353,1317,S752,2023-04-26,3,10299238,30897714
354,1031,S478,2023-04-23,2,13882600,27765200
355,1669,S599,2023-09-08,2,11514948,23029896
356,1284,S298,2023-09-08,2,9980137,19960274
357,1304,S940,2023-10-30,4,11717526,46870104
358,1428,S526,2023-11-09,2,13464848,26929696
359,1476,S334,2023-04-28,3,9429899,28289697
360,1285,S002,2023-10-28,3,8891151,26673453
361,1143,S375,2023-06-10,1,14715650,14715650
362,1423,S293,2023-07-17,4,6948061,27792244
363,1018,S837,2023-09-17,1,12347000,12347000
364,1017,S934,2023-05-28,3,11581118,34743354
365,1768,S553,2023-08-28,1,10032661,10032661
366,1589,S318,2023-02-16,3,5898332,17694996
367,1370,S502,2023-07-17,1,14268462,14268462
368,1174,S828,2023-02-16,2,12603876,25207752
369,1193,S381,2023-03-19,1,9025942,9025942
370,1501,S623,2023-05-04,2,13551795,27103590
371,1987,S014,2023-03-16,2,9703855,19407710
372,1112,S504,2023-12-25,4,6562518,26250072
373,1113,S231,2023-05-17,2,10248400,20496800
374,1221,S985,2023-03-31,2,13556135,27112270
375,1677,S084,2023-11-21,1,7744804,7744804
376,1946,S130,2023-03-02,3,13299141,39897423
377,1830,S743,2023-05-18,4,6587819,26351276
378,1643,S838,2023-02-19,2,10182101,20364202
379,1896,S145,2023-09-16,4,14908981,59635924
380,1263,S891,2023-04-17,1,11541600,11541600
381,1924,S857,2023-04-23,2,11356381,22712762
382,1054,S028,2023-12-16,1,5594557,5594557
383,1870,S066,2023-09-11,4,12239914,48959656
384,1642,S163,2023-04-28,1,13354207,13354207
385,1799,S229,2023-07-17,4,5990121,23960484
386,1777,S261,2023-12-03,1,6725049,6725049
387,1457,S449,2023-12-31,4,12845870,51383480
388,1978,S424,2023-02-20,3,5483442,16450326
389,1877,S460,2023-09-02,1,10272225,10272225
390,1161,S952,2023-02-04,1,9109545,9109545
391,1379,S676,2023-10-29,3,14809435,44428305
392,1992,S301,2023-03-10,3,11622766,34868298
393,1086,S919,2023-12-15,1,6751797,6751797
394,1054,S303,2023-11-16,3,13486014,40458042
395,1475,S287,2023-02-18,2,8452814,16905628
396,1799,S395,2023-03-15,4,11870679,47482716
397,1177,S010,2023-07-11,4,13038762,52155048
398,1390,S707,2023-09-18,4,14410044,57640176
399,1348,S630,2023-12-22,2,7891912,15783824
400,1007,S270,2023-03-11,3,12355566,37066698
401,1832,S592,2023-03-31,3,6609184,19827552
402,1312,S970,2023-09-17,1,12913490,12913490
403,1758,S605,2023-05-06,3,9798793,29396379
404,1834,S778,2023-08-19,1,12337895,12337895
405,1983,S844,2023-10-22,2,7328476,14656952
406,1982,S862,2023-05-09,4,5484273,21937092
407,1442,S361,2023-10-07,4,12738866,50955464
408,1766,S257,2023-11-09,4,10113728,40454912
409,1327,S133,2023-04-10,3,10386159,31158477
410,1053,S276,2023-11-22,1,14076940,14076940
411,1760,S776,2023-10-24,1,10646895,10646895
412,1238,S683,2023-07-01,2,5726448,11452896
413,1228,S972,2023-06-23,3,5070463,15211389
414,1578,S513,2023-11-12,2,10450652,20901304
415,1050,S313,2023-12-30,1,11852902,11852902
416,1608,S576,2023-07-07,1,14521791,14521791
417,1603,S886,2023-02-26,4,7866457,31465828
418,1263,S980,2023-01-31,3,7430992,22292976
419,1417,S284,2023-03-25,1,9314380,9314380
420,1802,S121,2023-06-01,4,10301572,41206288
421,1095,S107,2023-02-05,3,9911408,29734224
422,1087,S933,2023-08-01,2,10116934,20233868
423,1077,S687,2023-12-30,3,14548902,43646706
424,1287,S997,2023-04-16,3,10595956,31787868
425,1119,S204,2023-12-08,1,13425021,13425021
426,1813,S165,2023-08-08,1,12903402,12903402
427,1490,S305,2023-06-12,3,10890298,32670894
428,1911,S497,2023-08-08,1,11866684,11866684
429,1451,S632,2023-09-27,1,13027522,13027522
430,1499,S556,2023-04-30,1,13953038,13953038
431,1164,S824,2023-12-02,4,9860319,39441276
432,1181,S156,2023-07-01,4,14304088,57216352
433,1468,S367,2023-04-16,3,8641141,25923423
434,1909,S719,2023-08-05,1,8381915,8381915
435,1734,S902,2023-07-24,4,13430664,53722656
436,1822,S620,2023-03-11,3,7148983,21446949
437,1943,S251,2023-02-13,1,5773952,5773952
438,1977,S957,2023-11-25,2,5908380,11816760
439,1006,S916,2023-10-28,1,9620792,9620792
440,1329,S882,2023-08-16,1,6337768,6337768
441,1774,S334,2023-07-03,4,8090930,32363720
442,1672,S642,2023-04-17,3,11859698,35579094
443,1150,S969,2023-03-25,3,6514101,19542303
444,1084,S511,2023-12-04,4,6406150,25624600
445,1146,S293,2023-09-07,1,13913613,13913613
446,1623,S020,2023-12-29,2,6229458,12458916
447,1380,S282,2023-01-21,1,14555880,14555880
448,1914,S797,2023-07-15,1,11296450,11296450
449,1547,S001,2023-06-27,2,12082122,24164244
450,1284,S119,2023-01-07,4,11360756,45443024
451,1699,S035,2023-03-11,3,9755997,29267991
452,1081,S198,2023-05-07,4,6493551,25974204
453,1513,S485,2023-06-09,4,8973313,35893252
454,1896,S757,2023-09-05,1,7436831,7436831
455,1814,S059,2023-07-22,3,13743662,41230986
456,1708,S837,2023-05-28,3,8839847,26519541
457,1915,S161,2023-05-23,4,6166670,24666680
458,1522,S691,2023-07-18,2,5680667,11361334
459,1745,S206,2023-06-03,4,10319728,41278912
460,1385,S012,2023-05-22,2,10410897,20821794
461,1706,S490,2023-11-09,3,7014017,21042051
462,1470,S276,2023-06-14,4,12084364,48337456
463,1118,S693,2023-11-10,1,9022261,9022261
464,1395,S242,2023-01-21,4,9637203,38548812
465,1531,S216,2023-03-23,3,9675519,29026557
466,1260,S251,2023-03-10,1,9894940,9894940
467,1804,S811,2023-05-11,1,6999482,6999482
468,1933,S126,2023-03-28,2,8649244,17298488
469,1255,S994,2023-08-06,1,9614466,9614466
470,1733,S217,2023-11-01,1,10846866,10846866
471,1904,S306,2023-12-11,4,11182719,44730876
472,1225,S797,2023-12-07,3,14910330,44730990
473,1052,S185,2023-06-10,2,14854523,29709046
474,1939,S039,2023-06-27,4,5350067,21400268
475,1866,S223,2023-04-27,1,7059385,7059385
476,1499,S184,2023-07-15,1,14829854,14829854
477,1505,S495,2023-11-23,2,12449194,24898388
478,1853,S427,2023-03-27,3,7367322,22101966
479,1363,S178,2023-10-16,2,6375645,12751290
480,1279,S919,2023-03-22,4,11562877,46251508
481,1592,S428,2023-06-01,2,14223048,28446096
482,1713,S294,2023-03-02,1,11043995,11043995
483,1157,S852,2023-03-02,4,11964705,47858820
484,1631,S151,2023-12-20,1,14088503,14088503
485,1058,S384,2023-01-28,3,11632142,34896426
486,1726,S638,2023-02-12,1,12656495,12656495
487,1127,S813,2023-06-18,1,5245144,5245144
488,1735,S308,2023-03-27,2,8822727,17645454
489,1720,S336,2023-06-26,1,6244360,6244360
490,1881,S946,2023-01-17,4,12225593,48902372
491,1114,S746,2023-04-08,4,9970809,39883236
492,1208,S892,2023-07-17,3,8049316,24147948
493,1525,S375,2023-04-08,4,11622575,46490300
494,1520,S008,2023-03-06,2,12503276,25006552
495,1551,S341,2023-11-26,3,14538342,43615026
496,1961,S129,2023-12-07,4,12267807,49071228
497,1236,S776,2023-01-05,2,7960883,15921766
498,1280,S669,2023-01-02,4,5906450,23625800
499,1358,S352,2023-01-22,4,14871403,59485612
500,1200,S358,2023-04-22,1,5282140,5282140
501,1757,S517,2023-02-26,4,13213062,52852248
502,1277,S495,2023-03-07,4,14997403,59989612
503,1234,S086,2023-11-26,2,5558981,11117962
504,1493,S175,2023-04-08,2,13497552,26995104
505,1003,S802,2023-05-24,1,6797519,6797519
506,1665,S193,2023-05-05,4,8877590,35510360
507,1441,S311,2023-06-16,1,12683647,12683647
508,1028,S119,2023-03-27,4,8715929,34863716
509,1108,S218,2023-03-17,3,9391401,28174203
510,1609,S427,2023-12-10,3,7928100,23784300
511,1726,S970,2023-10-21,1,6953341,6953341
512,1804,S414,2023-02-28,1,5973737,5973737
513,1074,S114,2023-05-18,1,14521995,14521995
514,1837,S978,2023-04-09,2,10433001,20866002
515,1145,S145,2023-07-11,2,8902908,17805816
516,1127,S538,2023-08-31,2,11671628,23343256
517,1852,S648,2023-11-15,1,12903498,12903498
518,1041,S303,2023-02-18,4,11062133,44248532
519,1355,S744,2023-02-01,3,10698618,32095854
520,1040,S881,2023-10-04,1,12640888,12640888
521,1933,S588,2023-01-20,2,14084140,28168280
522,1033,S987,2023-06-03,2,5295866,10591732
523,1016,S840,2023-03-09,1,14185665,14185665
524,1676,S345,2023-08-02,1,11236893,11236893
525,1152,S814,2023-05-23,2,11822603,23645206
526,1997,S964,2023-08-20,4,12250569,49002276
527,1377,S801,2023-08-01,2,6805518,13611036
528,1587,S001,2023-03-20,2,8623425,17246850
529,1598,S147,2023-08-02,1,8599537,8599537
530,1628,S287,2023-04-26,4,11521689,46086756
531,1873,S976,2023-04-02,2,11689558,23379116
532,1341,S654,2023-09-27,2,11298941,22597882
533,1980,S053,2023-06-17,3,11010224,33030672
534,1026,S304,2023-02-27,1,9091685,9091685
535,1824,S069,2023-10-11,3,13595960,40787880
536,1286,S361,2023-01-26,3,5184514,15553542
537,1645,S602,2023-03-07,2,11736549,23473098
538,1730,S958,2023-09-05,1,14187266,14187266
539,1167,S220,2023-09-11,4,6258624,25034496
540,1609,S962,2023-02-13,2,10929949,21859898
541,1267,S704,2023-04-07,4,12296991,49187964
542,1748,S966,2023-02-11,4,14351060,57404240
543,1820,S575,2023-08-15,1,9783725,9783725
544,1454,S585,2023-09-19,3,11671203,35013609
545,1905,S161,2023-06-16,1,7750025,7750025
546,1684,S681,2023-10-06,4,12785446,51141784
547,1400,S089,2023-03-30,2,10735630,21471260
548,1921,S688,2023-06-27,4,7926979,31707916
549,1980,S781,2023-07-16,2,7514399,15028798
550,1475,S585,2023-11-03,2,5955205,11910410
551,1701,S757,2023-09-24,1,11666199,11666199
552,1633,S589,2023-09-25,4,5966649,23866596
553,1557,S159,2023-03-15,3,12493971,37481913
554,1575,S489,2023-01-08,4,9980939,39923756
555,1129,S971,2023-10-24,4,14322656,57290624
556,1821,S324,2023-06-13,3,12576126,37728378
557,1362,S610,2023-03-26,1,14816597,14816597
558,1704,S381,2023-03-13,4,10061500,40246000
559,1818,S102,2023-02-24,4,6200532,24802128
560,1692,S494,2023-02-16,2,12496287,24992574
561,1291,S644,2023-08-26,4,10193378,40773512
562,1370,S614,2023-04-14,3,5464462,16393386
563,1793,S019,2023-07-29,2,9868923,19737846
564,1028,S454,2023-02-11,1,12930221,12930221
565,1148,S482,2023-11-12,2,11010554,22021108
566,1778,S594,2023-09-25,3,9603623,28810869
567,1295,S397,2023-09-20,3,12962366,38887098
568,1010,S279,2023-12-02,2,5274535,10549070
569,1511,S851,2023-12-31,1,10140709,10140709
570,1675,S365,2023-09-16,2,7480017,14960034
571,1112,S331,2023-10-10,1,9816129,9816129
572,1186,S641,2023-04-24,2,13207623,26415246
573,1806,S344,2023-12-29,3,5917472,17752416
574,1743,S822,2023-02-09,4,8649279,34597116
575,1226,S455,2023-08-08,4,10016239,40064956
576,1309,S601,2023-05-09,1,8221131,8221131
577,1097,S725,2023-01-08,1,13977182,13977182
578,1054,S655,2023-04-11,1,7434138,7434138
579,1622,S065,2023-06-25,3,13493535,40480605
580,1663,S076,2023-04-17,2,12783874,25567748
581,1757,S711,2023-04-11,3,11590828,34772484
582,1405,S143,2023-09-17,4,9217690,36870760
583,1068,S917,2023-09-03,1,8649886,8649886
584,1311,S915,2023-10-02,2,10533326,21066652
585,1288,S828,2023-02-01,4,9446460,37785840
586,1761,S605,2023-05-17,4,12293708,49174832
587,1547,S473,2023-01-12,4,10044080,40176320
588,1750,S417,2023-10-29,3,5953122,17859366
589,1147,S305,2023-01-16,1,9663754,9663754
590,1466,S736,2023-05-09,4,9517562,38070248
591,1738,S497,2023-03-04,1,11540180,11540180
592,1243,S291,2023-04-19,3,13503197,40509591
593,1490,S940,2023-01-21,4,6193982,24775928
594,1848,S102,2023-06-07,3,14007611,42022833
595,1957,S986,2023-09-26,3,13582447,40747341
596,1506,S267,2023-06-11,1,11654754,11654754
597,1364,S867,2023-09-17,4,5506453,22025812
598,1481,S968,2023-04-12,3,11548894,34646682
599,1200,S622,2023-08-11,4,7507743,30030972
600,1153,S974,2023-02-28,1,6555811,6555811
601,1449,S842,2023-09-04,3,10077198,30231594
602,1500,S962,2023-05-08,1,11184377,11184377
603,1072,S942,2023-10-10,4,8845474,35381896
604,1712,S777,2023-11-21,4,8924482,35697928
605,1295,S003,2023-01-25,1,8232452,8232452
606,1016,S085,2023-05-11,2,9947796,19895592
607,1640,S794,2023-12-19,3,9290697,27872091
608,1216,S328,2023-07-15,4,11886940,47547760
609,1060,S816,2023-10-08,4,8812010,35248040
610,1938,S450,2023-06-03,3,6478081,19434243
611,1615,S454,2023-05-13,1,6570889,6570889
612,1041,S924,2023-08-15,1,12373372,12373372
613,1024,S629,2023-07-08,1,8071640,8071640
614,1038,S221,2023-09-22,2,14934099,29868198
615,1802,S154,2023-05-14,2,10253974,20507948
616,1130,S665,2023-07-30,4,5950922,23803688
617,1497,S012,2023-03-01,1,6684449,6684449
618,1228,S133,2023-12-30,3,13854198,41562594
619,1107,S994,2023-12-30,4,10753371,43013484
620,1171,S304,2023-08-01,3,6433284,19299852
621,1434,S293,2023-08-04,4,6117374,24469496
622,1477,S975,2023-08-14,2,7999610,15999220
623,1101,S300,2023-05-11,4,7298756,29195024
624,1865,S740,2023-03-17,2,12100052,24200104
625,1523,S783,2023-10-13,4,7788107,31152428
626,1274,S043,2023-10-04,1,13418865,13418865
627,1612,S944,2023-06-05,3,9601731,28805193
628,1043,S343,2023-09-05,1,12173877,12173877
629,1954,S326,2023-08-06,4,5985257,23941028
630,1816,S814,2023-07-09,4,6101267,24405068
631,1956,S498,2023-06-12,4,5418829,21675316
632,1016,S364,2023-06-29,2,12040906,24081812
633,1329,S891,2023-02-03,3,8438780,25316340
634,1568,S427,2023-02-10,3,12517750,37553250
635,1822,S021,2023-11-03,4,6546933,26187732
636,1496,S407,2023-12-04,4,13713937,54855748
637,1814,S619,2023-11-10,2,7956151,15912302
638,1011,S336,2023-03-16,1,6227222,6227222
639,1317,S815,2023-10-06,1,6543812,6543812
640,1591,S117,2023-06-25,3,12831038,38493114
641,1215,S124,2023-05-30,2,11835032,23670064
642,1338,S399,2023-09-30,4,5865256,23461024
643,1775,S793,2023-11-21,3,12948745,38846235
644,1990,S804,2023-04-18,2,5000917,10001834
645,1660,S715,2023-05-19,1,12304000,12304000
646,1080,S051,2023-12-16,2,12150406,24300812
647,1726,S783,2023-09-28,1,12068931,12068931
648,1484,S324,2023-12-13,2,9473447,18946894
649,1373,S789,2023-10-16,3,13650699,40952097
650,1975,S141,2023-07-31,1,13791765,13791765
651,1709,S470,2023-09-29,3,11876913,35630739
652,1199,S787,2023-03-07,3,11139996,33419988
653,1536,S802,2023-09-05,1,12557773,12557773
654,1465,S334,2023-06-05,1,13637873,13637873
655,1088,S893,2023-02-16,4,12737777,50951108
656,1267,S964,2023-07-20,4,12554159,50216636
657,1654,S373,2023-05-28,4,11565792,46263168
658,1570,S564,2023-05-04,3,6384822,19154466
659,1921,S494,2023-01-01,3,6807402,20422206
660,1488,S539,2023-09-04,4,6949902,27799608
661,1876,S669,2023-12-09,3,14523979,43571937
662,1537,S751,2023-05-08,3,12505191,37515573
663,1046,S156,2023-07-10,1,13717429,13717429
664,1287,S291,2023-03-08,1,14048595,14048595
665,1777,S648,2023-01-04,3,5243877,15731631
666,1015,S144,2023-10-30,4,8345026,33380104
667,1710,S106,2023-10-21,2,14936027,29872054
668,1400,S420,2023-05-23,4,5920759,23683036
669,1918,S670,2023-07-10,2,6761369,13522738
670,1793,S658,2023-01-21,4,10786572,43146288
671,1980,S002,2023-08-15,1,14855780,14855780
672,1085,S945,2023-11-09,3,12562160,37686480
673,1249,S589,2023-04-27,3,13386369,40159107
674,1390,S644,2023-10-29,1,6858997,6858997
675,1781,S090,2023-05-22,2,9980249,19960498
676,1334,S345,2023-02-08,2,14807434,29614868
677,1628,S350,2023-12-21,2,9975467,19950934
678,1518,S459,2023-09-09,1,6429290,6429290
679,1136,S263,2023-11-29,2,10188757,20377514
680,1882,S351,2023-07-26,1,7120711,7120711
681,1687,S108,2023-07-29,4,5521244,22084976
682,1839,S586,2023-04-25,4,11271271,45085084
683,1497,S039,2023-08-13,1,6399769,6399769
684,1826,S909,2023-05-14,3,11913744,35741232
685,1726,S159,2023-09-08,4,10919359,43677436
686,1476,S583,2023-08-07,2,13876659,27753318
687,1593,S959,2023-04-01,1,5825782,5825782
688,1222,S312,2023-12-20,2,5439439,10878878
689,1989,S241,2023-02-15,2,6264134,12528268
690,1371,S938,2023-02-07,3,11767567,35302701
691,1934,S445,2023-05-22,2,10759919,21519838
692,1994,S298,2023-04-10,3,6894554,20683662
693,1401,S952,2023-11-24,4,10855319,43421276
694,1442,S036,2023-07-09,1,12605503,12605503
695,1489,S084,2023-02-04,2,12984638,25969276
696,1614,S452,2023-05-27,1,5947272,5947272
697,1272,S886,2023-01-30,2,9914082,19828164
698,1525,S775,2023-11-30,1,10730482,10730482
699,1158,S822,2023-03-25,2,10941028,21882056
700,1151,S385,2023-10-08,2,11600430,23200860
701,1994,S172,2023-12-10,2,11343902,22687804
702,1619,S376,2023-09-27,2,8119734,16239468
703,1187,S685,2023-06-03,2,12748408,25496816
704,1812,S362,2023-04-12,2,5711943,11423886
705,1097,S559,2023-08-03,2,7621158,15242316
706,1130,S891,2023-05-30,2,12730484,25460968
707,1804,S141,2023-03-24,2,11143243,22286486
708,1170,S887,2023-04-20,1,7438064,7438064
709,1935,S918,2023-10-02,3,10754640,32263920
710,1985,S118,2023-07-20,2,9230207,18460414
711,1182,S277,2023-10-11,3,10446441,31339323
712,1982,S726,2023-06-22,2,6998173,13996346
713,1363,S220,2023-11-23,2,10858204,21716408
714,1038,S905,2023-07-25,1,9706797,9706797
715,1526,S026,2023-03-04,4,6490017,25960068
716,1887,S521,2023-03-14,4,8102641,32410564
717,1496,S783,2023-09-08,1,14258054,14258054
718,1515,S010,2023-05-04,3,5641593,16924779
719,1348,S984,2023-05-01,4,14855738,59422952
720,1981,S378,2023-10-02,1,6534227,6534227
721,1920,S633,2023-04-30,1,7297905,7297905
722,1396,S637,2023-11-13,4,9197079,36788316
723,1721,S682,2023-06-13,3,7587551,22762653
724,1160,S584,2023-10-13,1,9109070,9109070
725,1015,S152,2023-09-22,2,6806210,13612420
726,1492,S720,2023-11-16,3,8989284,26967852
727,1425,S049,2023-06-10,3,11356605,34069815
728,1107,S154,2023-11-04,4,13415224,53660896
729,1893,S859,2023-03-30,4,9940359,39761436
730,1449,S293,2023-05-22,2,14622823,29245646
731,1310,S580,2023-07-22,1,8838187,8838187
732,1738,S050,2023-11-05,4,9401207,37604828
733,1169,S664,2023-08-15,4,11091111,44364444
734,1545,S531,2023-11-30,3,6038218,18114654
735,1413,S612,2023-08-10,4,13740973,54963892
736,1250,S060,2023-02-10,4,12192767,48771068
737,1758,S167,2023-07-15,4,9109404,36437616
738,1780,S202,2023-03-09,4,13749917,54999668
739,1140,S857,2023-09-21,3,9250167,27750501
740,1273,S146,2023-01-02,2,8318843,16637686
741,1415,S915,2023-12-27,2,14940507,29881014
742,1607,S676,2023-05-05,1,14166243,14166243
743,1738,S970,2023-04-20,4,14101948,56407792
744,1890,S993,2023-03-27,3,12291916,36875748
745,1038,S439,2023-04-30,1,5278495,5278495
746,1813,S242,2023-05-07,1,14219865,14219865
747,1028,S581,2023-09-12,2,6846357,13692714
748,1957,S687,2023-07-02,3,14711781,44135343
749,1476,S561,2023-01-16,3,10917054,32751162
750,1317,S483,2023-03-03,3,12880055,38640165
751,1244,S108,2023-06-07,2,8030486,16060972
752,1747,S226,2023-09-25,2,8980053,17960106
753,1696,S673,2023-02-04,2,5700033,11400066
754,1271,S631,2023-09-24,2,10107742,20215484
755,1439,S661,2023-03-05,2,12036278,24072556
756,1747,S977,2023-02-19,4,8901403,35605612
757,1238,S662,2023-09-12,4,5134445,20537780
758,1376,S432,2023-05-29,3,6845700,20537100
759,1265,S805,2023-11-21,1,13304831,13304831
760,1925,S655,2023-10-31,3,11882727,35648181
761,1920,S419,2023-10-03,1,5871535,5871535
762,1358,S988,2023-12-23,2,6742166,13484332
763,1339,S455,2023-06-21,1,6035408,6035408
764,1388,S160,2023-07-20,3,6461312,19383936
765,1576,S523,2023-11-20,3,12627742,37883226
766,1989,S650,2023-02-04,1,10053929,10053929
767,1688,S969,2023-08-04,4,13885048,55540192
768,1002,S590,2023-03-06,2,6471926,12943852
769,1428,S077,2023-01-08,2,14840745,29681490
770,1141,S509,2023-10-28,3,7873524,23620572
771,1375,S441,2023-12-09,4,7742455,30969820
772,1669,S254,2023-11-28,1,7269409,7269409
773,1323,S921,2023-03-17,2,11013704,22027408
774,1145,S770,2023-06-23,4,5295599,21182396
775,1957,S320,2023-02-16,2,6557009,13114018
776,1292,S803,2023-01-15,4,5597904,22391616
777,1664,S263,2023-12-27,4,5116841,20467364
778,1431,S597,2023-05-27,3,10907726,32723178
779,1704,S658,2023-01-26,2,13558542,27117084
780,1948,S835,2023-11-04,1,10826038,10826038
781,1974,S554,2023-04-03,3,6135270,18405810
782,1584,S374,2023-08-20,3,5237068,15711204
783,1398,S637,2023-01-21,1,10024592,10024592
784,1816,S167,2023-11-03,3,6604243,19812729
785,1888,S937,2023-02-07,4,5851161,23404644
786,1343,S753,2023-10-03,4,9772945,39091780
787,1963,S459,2023-06-06,2,14093964,28187928
788,1139,S999,2023-06-28,2,6638846,13277692
789,1186,S280,2023-05-12,1,9230987,9230987
790,1804,S700,2023-11-07,2,14848018,29696036
791,1060,S302,2023-12-14,4,12870907,51483628
792,1996,S531,2023-01-28,1,13713542,13713542
793,1938,S580,2023-09-17,1,6802466,6802466
794,1379,S218,2023-03-17,2,7382865,14765730
795,1709,S102,2023-03-08,4,14186191,56744764
796,1806,S554,2023-12-08,1,5464310,5464310
797,1439,S288,2023-07-13,4,8714755,34859020
798,1318,S167,2023-06-11,4,13945850,55783400
799,1301,S621,2023-12-13,4,8127640,32510560
800,1343,S036,2023-12-27,2,14156831,28313662
801,1010,S744,2023-09-14,3,9303677,27911031
802,1061,S741,2023-03-13,3,9098535,27295605
803,1844,S353,2023-03-28,1,9753292,9753292
804,1225,S676,2023-09-19,4,14560912,58243648
805,1152,S899,2023-08-02,2,11227952,22455904
806,1710,S073,2023-06-02,4,10673938,42695752
807,1563,S648,2023-07-29,4,13009292,52037168
808,1771,S353,2023-03-02,2,10108728,20217456
809,1570,S891,2023-09-25,3,10060795,30182385
810,1583,S070,2023-09-19,4,10769049,43076196
811,1659,S425,2023-08-06,4,5919134,23676536
812,1860,S999,2023-10-10,3,6855797,20567391
813,1574,S708,2023-05-16,2,11379515,22759030
814,1309,S781,2023-12-28,1,13078886,13078886
815,1884,S561,2023-04-03,3,9636440,28909320
816,1242,S828,2023-04-19,1,11489759,11489759
817,1492,S642,2023-08-29,1,13899770,13899770
818,1365,S956,2023-12-21,3,7570725,22712175
819,1329,S517,2023-05-22,4,7426277,29705108
820,1106,S428,2023-10-18,1,12200987,12200987
821,1225,S539,2023-08-25,1,10324852,10324852
822,1824,S160,2023-12-06,2,10580509,21161018
823,1217,S149,2023-11-08,4,6317621,25270484
824,1936,S776,2023-06-26,1,11408929,11408929
825,1752,S230,2023-05-21,2,8637967,17275934
826,1505,S712,2023-07-08,4,7367893,29471572
827,1258,S562,2023-02-18,3,14828959,44486877
828,1887,S067,2023-10-29,3,10766140,32298420
829,1773,S812,2023-07-09,2,10053127,20106254
830,1516,S381,2023-05-16,3,5739574,17218722
831,1772,S058,2023-02-12,1,9071495,9071495
832,1053,S259,2023-12-19,4,5325437,21301748
833,1046,S342,2023-03-31,1,7091013,7091013
834,1726,S838,2023-10-22,1,8681890,8681890
835,1688,S130,2023-12-07,3,10991305,32973915
836,1520,S727,2023-09-02,1,5872834,5872834
837,1098,S172,2023-07-11,3,9637370,28912110
838,1019,S770,2023-11-14,4,11626379,46505516
839,1889,S614,2023-04-16,4,14008304,56033216
840,1752,S209,2023-12-29,1,10887774,10887774
841,1572,S803,2023-11-06,2,12352132,24704264
842,1890,S354,2023-08-21,3,6032499,18097497
843,1489,S471,2023-09-22,3,8820888,26462664
844,1418,S798,2023-12-10,1,12730302,12730302
845,1689,S116,2023-02-06,3,12534504,37603512
846,1849,S264,2023-11-01,3,7331348,21994044
847,1061,S662,2023-02-10,2,11565269,23130538
848,1144,S812,2023-01-17,2,12199107,24398214
849,1215,S442,2023-12-10,1,7806284,7806284
850,1002,S548,2023-10-04,2,11572531,23145062
851,1159,S453,2023-11-03,1,6141452,6141452
852,1738,S845,2023-02-28,4,11816080,47264320
853,1997,S477,2023-07-02,1,10550560,10550560
854,1780,S287,2023-02-10,4,6230796,24923184
855,1119,S303,2023-02-08,1,5113936,5113936
856,1892,S311,2023-07-11,3,9210583,27631749
857,1088,S208,2023-09-24,2,12539769,25079538
858,1328,S618,2023-05-27,4,9280428,37121712
859,1579,S446,2023-11-29,1,7433351,7433351
860,1909,S670,2023-05-07,2,7189063,14378126
861,1356,S633,2023-02-15,1,7819182,7819182
862,1609,S055,2023-02-14,2,14382586,28765172
863,1266,S912,2023-01-01,2,5447244,10894488
864,1616,S012,2023-06-17,1,11252016,11252016
865,1951,S657,2023-04-18,4,14227535,56910140
866,1322,S400,2023-01-19,4,13471414,53885656
867,1634,S908,2023-11-28,3,6278673,18836019
868,1987,S648,2023-03-13,2,10168638,20337276
869,1540,S980,2023-04-19,3,9115741,27347223
870,1648,S515,2023-09-25,3,11778892,35336676
871,1194,S656,2023-08-28,1,8457521,8457521
872,1920,S542,2023-10-28,1,9684013,9684013
873,1737,S237,2023-03-31,1,10044829,10044829
874,1331,S279,2023-04-13,2,10683860,21367720
875,1169,S348,2023-09-07,1,7438710,7438710
876,1520,S627,2023-01-08,1,13887120,13887120
877,1462,S104,2023-06-02,2,5767442,11534884
878,1039,S630,2023-12-13,2,12936627,25873254
879,1536,S517,2023-06-23,4,13863886,55455544
880,1260,S980,2023-12-09,1,6930440,6930440
881,1394,S872,2023-06-07,1,13768201,13768201
882,1954,S248,2023-08-03,1,5494955,5494955
883,1225,S364,2023-06-26,4,10478878,41915512
884,1983,S321,2023-06-24,1,14908788,14908788
885,1123,S633,2023-12-06,4,10679487,42717948
886,1974,S286,2023-12-04,3,9840349,29521047
887,1037,S149,2023-05-26,4,6626528,26506112
888,1327,S084,2023-11-20,3,11096696,33290088
889,1250,S966,2023-06-10,1,7914611,7914611
890,1900,S406,2023-05-07,3,6308014,18924042
891,1175,S978,2023-03-23,4,7247680,28990720
892,1601,S456,2023-05-27,2,11589154,23178308
893,1913,S743,2023-08-27,3,7821839,23465517
894,1453,S800,2023-03-25,3,5298783,15896349
895,1036,S161,2023-04-23,1,8602571,8602571
896,1315,S784,2023-08-13,4,13340960,53363840
897,1687,S460,2023-11-28,3,14526221,43578663
898,1972,S550,2023-08-31,3,8879928,26639784
899,1795,S500,2023-05-23,3,12039879,36119637
900,1964,S738,2023-02-10,3,7115226,21345678
901,1972,S509,2023-09-15,2,11962365,23924730
902,1592,S654,2023-10-12,4,6340683,25362732
903,1113,S804,2023-04-15,1,8630400,8630400
904,1039,S481,2023-07-21,1,10994602,10994602
905,1300,S663,2023-11-03,2,7854119,15708238
906,1223,S114,2023-11-27,4,7673705,30694820
907,1317,S749,2023-09-23,3,11307517,33922551
908,1348,S578,2023-07-29,2,8597170,17194340
909,1114,S361,2023-02-20,4,8305610,33222440
910,1697,S341,2023-04-28,3,13841830,41525490
911,1322,S770,2023-07-20,2,7088618,14177236
912,1567,S987,2023-02-08,4,12596537,50386148
913,1039,S761,2023-01-28,1,11922972,11922972
914,1865,S969,2023-09-16,1,9400852,9400852
915,1039,S449,2023-03-25,4,11759991,47039964
916,1858,S843,2023-06-04,1,7593157,7593157
917,1972,S835,2023-04-27,4,12058021,48232084
918,1748,S180,2023-01-02,3,11119922,33359766
919,1288,S702,2023-04-03,4,10575477,42301908
920,1261,S407,2023-06-15,3,11919879,35759637
921,1215,S666,2023-12-16,2,12759080,25518160
922,1146,S196,2023-10-23,4,11662064,46648256
923,1335,S466,2023-09-15,2,5217314,10434628
924,1167,S311,2023-03-22,1,7635122,7635122
925,1091,S262,2023-09-25,3,10728394,32185182
926,1352,S419,2023-08-23,4,5748692,22994768
927,1570,S406,2023-11-17,2,7382962,14765924
928,1570,S939,2023-11-07,3,8466689,25400067
929,1815,S143,2023-10-28,3,6614694,19844082
930,1680,S342,2023-12-23,1,13970512,13970512
931,1780,S316,2023-08-01,1,9465669,9465669
932,1362,S101,2023-03-03,3,8881143,26643429
933,1556,S244,2023-02-18,3,9911077,29733231
934,1344,S490,2023-05-07,4,6945537,27782148
935,1692,S012,2023-08-11,3,12941238,38823714
936,1169,S239,2023-10-06,4,13466724,53866896
937,1355,S561,2023-10-21,3,13772978,41318934
938,1190,S042,2023-10-11,1,8374659,8374659
939,1666,S678,2023-10-04,4,5519385,22077540
940,1421,S594,2023-04-17,2,6572138,13144276
941,1699,S429,2023-05-26,1,10180703,10180703
942,1006,S803,2023-04-09,4,5226256,20905024
943,1132,S158,2023-03-14,4,11853878,47415512
944,1746,S216,2023-05-02,2,13809147,27618294
945,1556,S670,2023-01-30,4,12849453,51397812
946,1825,S462,2023-07-07,3,11494290,34482870
947,1760,S134,2023-12-30,2,8373307,16746614
948,1030,S067,2023-12-20,1,5550242,5550242
949,1534,S848,2023-10-15,1,12001837,12001837
950,1425,S007,2023-07-14,3,8497831,25493493
951,1393,S948,2023-06-05,1,7848439,7848439
952,1671,S526,2023-06-21,4,10978106,43912424
953,1362,S073,2023-12-01,4,13065819,52263276
954,1436,S399,2023-02-10,3,13333920,40001760
955,1669,S405,2023-03-04,1,13120766,13120766
956,1550,S675,2023-01-23,1,7021835,7021835
957,1926,S578,2023-12-26,3,14188295,42564885
958,1081,S859,2023-03-16,2,11427095,22854190
959,1355,S130,2023-02-17,1,11078159,11078159
960,1257,S931,2023-06-09,2,8531674,17063348
961,1717,S466,2023-11-09,1,12336302,12336302
962,1588,S206,2023-04-28,1,11282827,11282827
963,1988,S788,2023-04-10,1,13739287,13739287
964,1523,S978,2023-06-16,1,11792566,11792566
965,1294,S768,2023-10-17,4,11021656,44086624
966,1961,S266,2023-06-05,2,11519585,23039170
967,1223,S537,2023-01-07,2,13132162,26264324
968,1524,S962,2023-07-15,1,7426105,7426105
969,1045,S793,2023-02-25,1,9811671,9811671
970,1666,S253,2023-11-17,2,14492989,28985978
971,1112,S822,2023-07-12,4,11453877,45815508
972,1232,S289,2023-02-16,3,12547881,37643643
973,1016,S164,2023-05-28,3,10055769,30167307
974,1359,S095,2023-10-02,2,11061266,22122532
975,1222,S782,2023-06-06,1,13658754,13658754
976,1865,S833,2023-07-21,1,10574807,10574807
977,1699,S110,2023-05-06,4,9301828,37207312
978,1447,S336,2023-11-01,3,11509762,34529286
979,1855,S822,2023-10-21,4,5544026,22176104
980,1364,S238,2023-03-05,3,8942863,26828589
981,1674,S381,2023-11-21,2,11243490,22486980
982,1325,S436,2023-06-25,3,11484427,34453281
983,1466,S899,2023-04-26,4,12221352,48885408
984,1413,S483,2023-07-23,4,9472089,37888356
985,1454,S937,2023-11-17,4,14778862,59115448
986,1585,S902,2023-01-31,2,5268449,10536898
987,1232,S025,2023-04-23,3,7850774,23552322
988,1223,S653,2023-12-31,3,12620958,37862874
989,1993,S117,2023-11-21,4,10583281,42333124
990,1830,S482,2023-12-10,3,9430675,28292025
991,1411,S392,2023-03-08,1,14034883,14034883
992,1571,S917,2023-03-16,1,10918806,10918806
993,1334,S994,2023-02-14,1,13513199,13513199
994,1221,S964,2023-09-17,3,11822255,35466765
995,1036,S537,2023-06-03,2,14027712,28055424
996,1988,S079,2023-06-04,2,9461213,18922426
997,1277,S580,2023-12-29,2,14723257,29446514
998,1195,S173,2023-08-22,2,14597076,29194152
999,1915,S956,2023-02-20,1,6160152,6160152
1000,1863,S012,2023-11-02,1,14372275,14372275
